Adelaida,Ade,Adela
Adelina,Deli,Lina
Adrián,Adri
Adriana,Adri
Alberto,Alber,Albertito,Beto,Berto,Tico,Tuco,Tito,Albi
Alejandra,Sandra,Ale,Álex,Álexa,Aleja,Jandra,Jana
Alejandro,Ale,Álex,Alejo,Jandro,Jano,Cano,Sandro,Pando
Alfonso,Alfon,Fon,Fonso,Fonsi,Poncho,Loncho
Alfredo,Fredi
Alicia,Ali,Licha
AnaIsabel,Anabel
Anacleto,Cleto
Andrea,Andi,Andresito,Andresita
Andreo,Andi,Andresito,Andresita
Andrés,Andi,Andresito,Andresita
Andressa,Andi,Andresito,Andresita
Agustín,Agus,Tin
Antonia,Toña,Tona,Toñi,Toñita,Tonia,Antoñita
Antonio,Antón,Tonio,Toni,Tono,Tonino,Toño,Toñín,Antoñito,Antuco,Antuquito
Antonino,Nino
Ariadna,Ari
Arturo,Arturito,Turito,Art,Lito
Arcenio,Arcenito,Cheno
Armando,Mando,Mandi
Ascensión,Ascen,Choni
Asunción,Asun,Susi,Suni
Aurelio,Yeyo
Beatriz,Bea,Beti,Betina
Begoña,Bego
Benjamín,Ben,Benja,Benjas,Benji,Jamín
Berenice,Bere
Bernabé,Berna
Bernardino,Bérnar,Nino
Bernardo,Bérnar,Ber,Nardo
Bonifacio,Boni
Buenaventura,Ventura,Ventu,Venturi
Candelaria,Can,Cande,Candi,Candelita,Canda,Candela
Cándido,Candi
Cándida,Candi
Caridad,Cari,Carita,Caruca,Cuca
Carla,Carlita
Carlos,Carlito,Carlitos,Carlo,Calo,Calín,Carlines,Litos,Charli,Chepe
Carmen,Mamen,Carmita,Carmenchu,Menchu,Carmencha,Carmencita,Carmelita,Carmela,Carmina
Carolina,Caro,Cárol,Caroli,Carito
Catalina,Cata,Lina,Cati,Catina,Caty
Cecilia,Ceci,Cece,Cilia,Chila,Chili
Celestino,Celes,Cele,Tino
César,Checha,Cesito,Cesítar
Ciro,Cirino
Claudia,Clau,Claudi
Concepción,Conchi,Conchita,Concha,Conce,Ciona,Cione,Chon,Choni,Inma,Macu
Consolación,Conso
Constantino,Tino
Consuelo,Consu,Chelo,Coni
Covadonga,Cova,Covi
Cristian,Cris
Cristina,Cris,Cristi,Tina
Cristóbal,Cris,Cristo,Toba
Cristóforo,Cuco,Chosto
Cruz,Crucita,Chuz
Dalia,Dali
Dalila,Lila
Daniel,Dani
Daniela,Dani
David,Davo,Davilo
Dolores,Lola,Loli,Lolita,Loles
Eduardo,Edu,Lalo,Eduardito,Duardo,Guayo
Eladio,Lalo,Yayo
Elena,Nena
Eloísa,Elo
Encarnación,Encarna,Encarni,Encarnita
Enrique,Quique,Quico,Kike,Kiko
Ernesto,Neto,Netico,Tito
Esmeralda,Esme,Mera
Esperanza,Espe,Pera,Lancha,Pancha,Peri
Esteban,Estebi
Estefanía,Estefa,Estefi
Eugenia,Genita
Eugenio,Genio,Genín,Genito
Eva,Evita
Facundo,Cundo
Federico,Fede,Fico
Felícita,Feli,Felacha
Felipe,Fele,Pipe,Lipe
Faustino,Tino,Tinín
Fermín,Mincho,Fermo
Fernanda,Fer,Nanda,Feña
Fernando,Fer,Nando,Nano,Ferni,Feña,Fercho
Florencia,Flor,Flora,Florci,Florcita,Florchi,Florchu,Lencha
Florencio,Floro,Lencho
Francisca,Fran,Paqui,Paquita,Sisca,Cisca,Pancha,Curra,Paca,Quica,Panchita,Panchi
Francisco,Fran,Francis,Paco,Sisco,Cisco,Chisco,Curro,Quico,Kiko,Franco,Frasco,Frascuelo,Pacho,Pancho,Panchito
Gabriel,Gabo,Gabri
Gabriela,Gabi,Gabrielita
Gerardo,Gera,Yayo,Lalo
Germán,Mancho
Gertrudis,Tula
GloriaMaría,Glorimar
Gonzalo,Gonza,Gon,Gonzo,Gonchi,Lalo,Chalo,Talo,Tali
Graciela,Chela
Gregorio,Goyo,Gorio
Griselda,Gris,Celda
Guadalupe,Lupe,Guada,Pupe,Lupita,Lupilla,Lupito,Lupillo,Pita
Guillermo,Guille,Guíller,Guillo,Meme,Momo,Memo
Gumersindo,Gúmer,Gume,Sindo.
Héctor,Tito,Torín,Hertico
Hermenegildo,Hildo
Hortensia,Horten,Tencha
Humberto,Berto,Beto
Huberto,Berto,Beto
Adalberto,Berto,Beto
Ignacia,Nacha,Nacia,Ina
Ignacio,Nacho,Nacio,Nachito,Naco,Iñaqui,Iñaki
Inocencia,Chencha
Inocencio,Chencho
Isabel,Bela,Beli,Belica,Sabel,Sabela,Chabela,Chavela,Chavelita,Chabelita,Isa
Ismael,Isma,Mael,Maelo
Israel,Irra,Rai
Iván,Ivi,Ivo
Jacobo,Cobo,Yaco,Yago
Jaime,Jaimón,Jimmy
Javier,Javi,Javo,Javito
Jorge,Jorgecito,Jorgis,Jorgito,Gorge,Jecito,Coque,Koke
Jesús,Jesu,Chus,Xus,Chuso,Chusi,Chucho,Chuchi,Chuy,Suso,Susi,Chuyito
JesúsAlberto,Jesusbeto,Chuybeto
JesúsManuel,Jesusma
JesusMaría,Chumari,Chusma,Jesusmari
JesúsRamón,Jerra,Jesusra,Chuymoncho,Chuymonchi
Jesusa,Susi,Sus,Chusa,Susa,Chucha,Chuy,Chuyita
Joaquín,Joaco,Juaco,Quin,Quim,Quino,Quincho
José,Jose,Pepe,Chepe,Pepito,Chepito,Pito,Pepín,Pepu,Chechu,Cheo
JoséÁngel,Josean,Josan
JoséAntonio,Josean,Josan
JoséCarlos,Joseca
JoséLuis,Joselo,Joselu,Pepelu,Selu
JoséManuel,Josema,Chema,Chemita,Chemanu
JoséMaría,Chema,Chemari,Josemari,Josema
JoséMiguel,Josemi,Jomi,Chemi
JoséRamón,Peperramón,Joserra
Josefa,Pepa,Pepi,Pepita,Fina,Fini,Finita
Josefina,Jose,Fina,Pepa,Pepita,Chepina,Chepita
Juan,Juanito,Juanín,Juancho,Juanelo,Juampi,Juanci
JuanAndrés,Juanan
JuanCamilo,Juanca,Juancho,Juanqui,Juanquis
JuanCarlos,Juanca,Juáncar,Juanqui
JuanCristóbal,Juancri,Juancris
JuanErnesto,Juáner
JuanEsteban,Juanes
JuanFelipe,Juanfe,Pipe
JuanFernando,Juánfer
JuanFrancisco,Juanfran
JuanIgnacio,Juancho
JuanJavier,Juanja
JuanJosé,Juanjo,Juancho
JuanLeonardo,Juanle
JuanLuis,Juanlu
JuanManuel,Juanma
JuanMiguel,Juangui,Juanmi
JuanPablo,Juampa,Juampi,Juampis
JuanRafael,Juanra
JuanRamón,Juanra
JuanSalvador,Juansa
JuanVicente,Juanvi
Julián,Juli,Julianito,Julianillo
Julio,Julín,Julito,Juli
Laura,Lalita,Lala,Lauri,Lauris,Lau,Laurita
Leticia,Leti
Lorena,Lore
Lorenzo,Lencho,Enzo
Lourdes,Lourditas,Lulú
Lucía,Luci,Lucita
Luciano,Chano,Ciano,Lucho
Luis,Lucho,Luisito,Güicho,Luisín,Sito
LuisFelipe,Luisfe
LuisManuel,Luisma
LuisMaría,Luisma
LuisMariano,Luisma
LuisMiguel,Luismi
Magdalena,Magda,Mada,Malena,Mane,Manena,Lena,Leni,Lenita
Manuel,Manu,Lolo,Meño,Manuelito,Lito,Lillo,Mani,Manué,Manel,Mel,Nel,Nelo
Manolo,Lolo,Manolito,Manolillo,Lito,Lillo,Manolín
Marcelina,Lina,Marce,Celina,Chela,Marce
Marcelo,Chelo,Marce
Margarita,Marga,Margari,Magui,Rita,Mague
María,Mari,Maruja,Marujita,Marica,Marita,Mariquita,Mariquilla,Iah
MaríaAurora,Marora
MaríaAuxiliadora,Chilo,Mauxi,Mausi,Dori
MaríadeDolores,Lola,Loles,Loli,Lolita,Mariló
MaríadeJesús,Marichú
MaríadelaCruz,Maricruz
MaríadelaLuz,Mariluz,Luz,Malú
MaríadelasNieves,Marinieves,Nieves
MaríadelosÁngeles,Marielos,Marian,Ángeles,Ángela,Angie,Angy,Mariángeles
MaríadeLourdes,Malula,Marilú,Lulú
MaríadelCarmen,Maricarmen,Mamen,Mai,Maica,Mayca,Mayka,Mari
MaríadelMar,Marimar,Mar
MaríadelRosario,Charo,Chari,Charito,Chayo
MaríadelRefugio,Cuca,Cuquis
MaríadelSocorro,Maricoco,Coco,Socorro
MaríadelSol,Marisol,Sol,Sole,Chole
MaríadelaSoledad,Marisol,Sol,Sole,Chole
MaríaEngracia,Graci,Gracita
MaríaElena,Malena,Marilena
MaríaEugenia,Maru,Marugenia,Yeni,Kena,Kenita
MaríaFernanda,Mafe,Mafer,Marifer
MaríaFuensanta,MariSanti,Tanti,Fuen
MaríaIsabel,Maribel,Mabel,Marisabel,Marisa
MaríaJosé,Cote,Coté,Jose,Josefa,Mai,Ajo,Majo,Mariajo,Marijó,Marijose,Maripepa,Maripepi,Pepa,Pepi,Pepita
MaríaJosefa,Cote,Coté,Jose,Josefa,Mai,Ajo,Majo,Mariajo,Marijó,Marijose,Maripepa,Maripepi,Pepa,Pepi,Pepita
MaríaLaura,Malala
MaríaLuisa,Marisa,Mariluisa,Malu,Maluli,Magüi
MaríaMilagros,Mila,Milagritos,Mili,Mimi,Marimili
MaríaPaz,Maripaz,Paz,Pacita
MaríaPilar,Pilar,Pili,Mapi,Maripí,Maripili
MaríaTeresa,Maritere,Maite,Mayte,Teté,Mari,Mariate,Marité
MaríaVictoria,Mariví,Mavi
Marta,Martuqui,Tuqui
Mario,Mayito
Mauricio,Mau,Mauro,Mauri
Máximo,Maxi,Max,Maximino,Mino
Mayra,Mayrita,Mayris
Mayola,May
Mercedes,Merce,Merche,Merchi,Merceditas,Meche,Meches
Micaela,Mica
Miguel,Migue,Míchel,Miki
MiguelEnrique,Ige,Ike,Mige,Mike,Migo,Miko
Minerva,Mine,Míner
Míriam,Miri
Mónica,Moni,Mo
Montserrat,Monse,Montse,Mon
Natividad,Nati,Tivi
Nicolás,Nico,Colás
Nicolasa,Nico,Colasa
Norberto,Nórber,Berto,Bertín
Norma,Normi,Normita,Tita
Oriana,Ori,Nana,Nanita,Ana,Anita
Orlando,Lando
Pablo,Pablete,Pablín,Pablito,Blete,Blin,Blito
Pacificación,Paz
Paloma,Palo
Paola,Pao,Paolita,Payoya
Paula,Pau
Paulina,Pau,Pauli
Patricia,Patri,Tricia,Pato,Pati
Patricio,Pato,Patri
Pedro,Perucho,Pedrito,Perico,Peyuco,Peret,Pedrín
Pilar,Pili,Pilarín,Piluca,Petita,Maripili
MaríadelPilar,Pili,Pilarín,Piluca,Petita,Maripili
Primitivo,Pivo,Tivo
Rafael,Rafaelito,Rafa,Rafi,Rafita,Rafo,Fael,Falo,Fali,Felo,Fefo,Fefi
Ramón,Mon,Moncho,Monchi,Mongo,Monguito,Ramoncito
Raúl,Rauli,Raulito,Raulillo,Rul,Rulo,Rule,Ral,Rali
Refugio,Cuca,Cuquita
Reinaldo,Rey,Naldo
Remedios,Reme
Reposo,Repo
Ricardo,Rica,Rícar,Richi,Rici,Rocho,Richar
Roberto,Robe,Róber,Berto,Robertito,Tito,Beto
Rocío,Roci,Chio,Ro,Roco
Rodolfo,Fito,Fofo,Rodo,Bofo,Rudi
Rodrigo,Rodriguito,Rodri,Ruy,Roy,Ro
Rogelio,Roge,Coque
Rosalía,Chalia,Rosa,Rosi,Rosita
Rosalva,Chava
Rosario,Charo,Chayo,Chayito
Salomé,Salo
Salomón,Salo
Salvador,Salva,Chava,Chavito,Chavita,Salvita,Salvi,Chavi,Salvidor
Santiago,Santi,Yago,Diejo,Chago,Tiago
Sara,Sarita
Sebastián,Sebas,Seba
Sergio,Chucho,Checo,Chejo,Checho,Chencho,Keko,Yeyo
Simón,Monsi
Sofía,Sofi
Soledad,Sol,Sole,Chole,Chol
Susana,Susi,Sus,Su
Teodoro,Teo,Doro
Teresa,Tere,Teresita,Teresica,Teresina
Timoteo,Teo,Teín
Trinidad,Trini
Tomás,Tomi,Tomasito,Tomasín
Valentina,Val,Vale,Valen,Tina,Tinita,Valentinita
Valentino,Val,Vale,Valen,Tino,Tinito,Valente,Valentinito
Verónica,Vero,Nica,Verito,Veru
Vicente,Chente,Vicen,Vicho,Sento
Víctor,Vítor,Vis,Vico,Vito
Victorio,Vítor,Vis,Vico,Vito
Victoria,Viqui,Tori,Toria,Toya
Visitación,Visi
Yolanda,Yola,Yoyi,Yoli