Adriano , Adri, Dri, Driano
Antônio , Tim, Tom, Tonho, Tôni, Tonico, Totonho, Tonhão
António Manuel , Tomané
Alberto , Berto, Beto, Alber
Alessandro , Sandro, Alê
Alexandre , Alex, Alê, Alexa, Xande, Xandi
Argemiro , Miro
Bruno , Bru, Buno
Carlos , Carlinhos, Caco, Carlito, Carlão
Carlos Alberto , Cabé, Cal, Cazalberto
Carlos Ângelo , Casan
Carlos Eduardo , Cadu, Kadu
Carlos Manuel , Camané
Cristiano , Cris, Cristy
Daniel , Dan, Dani, Dandan
Diogo , Di, Didi, Dioguinho, Diogão, Digão
Eduardo , Edu, Du, Duda, Dudu
Fábio , Fá, Binho, Bito, Fabião, Bião, Fabão
Filipe , Fê, Lipe, Fil
Fernando , Fê, Nando, Fer, Nandim
Fernando Henrique , Efeagá
Francisco , Chico
Frederico , Fred, Rico, Quico
Gabriel , Biel, Gabri, Ga, Gabro
Geraldo , Gera, Gegê, Gê
Gilberto , Gil, Giba
Guilherme , Gui, Guiga
Gustavo , Guga, Gu, Gus, Gugu
Henrique , Quique, Rique
Humberto , Beto, Doisberto
João , Jota, Joni, Jão
João Carlos , Juca, Joca
João Paulo , Jotapê
João Pedro , Jotapê
Joaquim , Quim, Quico, Quinquim, Juca
José , Zé, Zeca
José Carlos , Jota Cê, Zé Carlos
José Manuel , Zé Mané, Zé Maneco, Mané
José Paulo , Zepa, Zé Paulo
Júlio , Juca, Jú
Leandro , Lê, Leco
Leonardo , Léo
Luís , Lula, Luisito
Luís Carlos , Luca
Manuel , Manel, Mané, Maneco, Neco, Nelito
Miguel , Mico
Orozimbo , Orô, Zimbão, Zimbo
Rafael , Rafa
Raimundo , Mundico, Mundão, Mundim
Ricardo , Ric, Rico, Rica
Roberto , Beto
Rogério , Rô, Géio
Rodrigo , Digo, Guigo, Digão
Ronaldo , Naldo, Nardo, Ronni
Ruben , Binho, Rubão, Rubi, Ben
Samuel , Samuca, Sama
Sebastião , Tião, Bastião
Tiago , Ti
Vinicios, Vinicius , Vi, Vini, Vince, Vinci
Vitor, Victor , Vic
Hypocoristics for Female
Ana Isabel , Anabel
Ana Lúcia , Analu
Adriana , Drica, Dri
Alessandra , Alê, Lê, Sandy, Xana
Amanda , Manda
Andréia , Déia, Dedéia
Aline , Line
Aparecida , Cida
Beatriz , Bia, Bea, Biti
Camila , Mila, Cá, Cacá
Carolina , Carol, Cacau
Célia , Celi
Cláudia , Cacau, Clau
Cristiana , Cris, Crica
Damaris , Dan
Daniela , Dani
Débora , Dé, Debi
Eliana , Lia
Elisabete , Bete
Érica , Cacá, Quica
Eunice , Nice
Francisca , Quica, Chica
Fernanda , Fê, Nanda, Fezinha, Nana
Gabriela , Biela, Gabi, Babi
Gertrudes , Tude, Tudinha
Genilda , Geni, Geninha, Gê, Gêgê, Gení
Isabel , Bel, Isa
Isabela , Bela, Isa
Isadora , Dora
Juliana , Ju, Jujuba, Jubete
Laís , La, Lala
Larissa , Lari, Lara
Laura , Lau, Lalau
Luciana , Lu, Lulu
Madalena , Magda
Manuela , Manu
Maria , Mari
Maria Fernanda , Mafê
Maria Isabel , Maribel, Mabel
Maria Lúcia , Malu
Maria João , Marijô
Maria Teresa , Maitê
Mariana , Mari
Marina , Ina, Mari
Melissa , Mel
Michele , Mi, Mimi, Micha, Chele, Chela, Mix
Mônica , Môca
Natália , Nati, Ná
Patrícia , Pati
Priscila , Pri
Regina , Regi, Rê, Ina
Renata , Rê
Sandra , Sandy
Taís , Tata, Tha, Tai
Talita , Tata
Tatiana , Tati
Vanessa , Nessa, Van
Vívian , Vivi
Vitória , Vi, Vicky